Time (s),Commanded Velocity (rad/s),Dynamixel Commanded Velocity,Actual Velocity (rad/s),Torque (Nm)
0.23047804832458496,0,0,0.0,0.0
0.2914578914642334,0,0,0.0,0.0
0.3383181095123291,0,0,0.0,0.0
0.3688340187072754,0,0,0.0,0.0
0.4018387794494629,0,0,0.0,0.0
0.43193793296813965,0,0,0.0,0.0
0.46401190757751465,0,0,0.0,0.0
0.5141305923461914,0,0,0.0,0.0
0.5645999908447266,0,0,0.0,0.0
0.6079509258270264,0,0,0.0,0.0
0.6398944854736328,0,0,0.0,0.0
0.6982905864715576,0,0,0.0,0.0
0.7597470283508301,0,0,0.0,0.0
0.7998754978179932,0,0,0.0,0.0
0.8319416046142578,0,0,0.0,0.0
0.8830294609069824,0,0,0.0,0.0
0.9287583827972412,0,0,0.0,0.0
0.9604954719543457,0,0,0.0,0.0
0.9924437999725342,0,0,0.0,0.0
1.0239081382751465,0,0,0.0,0.0
1.068005084991455,0,0,0.0,0.0
1.1362576484680176,0,0,0.0,0.0
1.1678850650787354,0,0,0.0,0.0
1.2158920764923096,0,0,0.0,0.0
1.2784626483917236,0,0,0.0,0.0
1.3171000480651855,0,0,0.0,0.0
1.3600804805755615,0,0,0.0,0.0
1.4080274105072021,0,0,0.0,0.0
1.507713794708252,0,0,0.0,0.0
1.552076816558838,0,0,0.0,0.0
1.6001484394073486,0,0,0.0,0.0
1.6319010257720947,0,0,0.0,0.0
1.680051326751709,0,0,0.0,0.0
1.7283918857574463,0,0,0.0,0.0
1.7627832889556885,0,0,0.0,0.0
1.8081636428833008,0,0,0.0,0.0
1.8680760860443115,0,0,0.0,0.0
1.9106264114379883,0,0,0.0,0.0
1.9531378746032715,0,0,0.0,0.0
2.0000336170196533,0,0,0.0,0.0
2.0318410396575928,0,0,0.0,0.0
2.1073124408721924,0,0,0.0,0.0
2.1447913646698,0,0,0.0,0.0
2.176769256591797,0,0,0.0,0.0
2.2080612182617188,0,0,0.0,0.0
2.271916151046753,0,0,0.0,0.0
2.319058656692505,0,0,0.0,0.0
2.3534817695617676,0,0,0.0,0.0
2.386086940765381,0,0,0.0,0.0
2.4743196964263916,0,0,0.0,0.0
2.5280163288116455,0,0,0.0,0.0
2.5759918689727783,0,0,0.0,0.0
2.6078436374664307,0,0,0.0,0.0
2.6638693809509277,0,0,0.0,0.0
2.7198383808135986,0,0,0.0,0.0
2.7682394981384277,0,0,0.0,0.0
2.7999677658081055,0,0,0.0,0.0
2.8532021045684814,0,0,0.0,0.0
2.896152973175049,0,0,0.0,0.0
2.9297449588775635,0,0,0.0,0.0
2.9599123001098633,0,0,0.0,0.0
2.9917783737182617,0,0,0.0,0.0
3.0471339225769043,0,0,0.0,0.0
3.103835344314575,0,0,0.0,0.0
3.109492778778076,-0.5,0,0.0,0.0
3.115222692489624,-0.5,0,0.0,0.0
3.1548104286193848,-0.5,-20,0.0,0.0009119100000000002
3.1998164653778076,-0.5,-20,-0.11990411961201834,-0.008815130000000001
3.2396583557128906,-0.5,-20,-0.3836931827584587,-0.009119100000000002
3.311846971511841,-0.5,-20,0.0,-0.03191685
3.317589282989502,-0.5,-20,0.0,0.0
3.3232691287994385,-0.5,-20,0.0,0.0
3.3603134155273438,-0.5,-20,-0.45563565452566973,-0.01580644
3.391810894012451,-0.5,-20,-0.3836931827584587,-0.0006079400000000001
3.442070484161377,-0.5,-20,-0.47961647844807337,-0.0048635200000000005
3.4910144805908203,-0.5,-20,-0.47961647844807337,-0.014590560000000002
3.537719249725342,-0.5,-20,-0.45563565452566973,-0.01732629
3.5677406787872314,-0.5,-20,-0.45563565452566973,-0.017934230000000002
3.599799394607544,-0.5,-20,-0.45563565452566973,-0.017630260000000002
3.6459853649139404,-0.5,-20,-0.45563565452566973,-0.018542170000000004
3.7119662761688232,-0.5,-20,-0.43165483060326604,-0.0048635200000000005
3.745258092880249,-0.5,-20,-0.4076740066808624,-0.00699131
3.7757627964019775,-0.5,-20,-0.4076740066808624,-0.005775430000000001
3.8077423572540283,-0.5,-20,-0.4076740066808624,-0.00395161
3.8635172843933105,-0.5,-20,-0.43165483060326604,-0.0024317600000000003
3.919715166091919,-0.5,-20,-0.43165483060326604,-0.0027357300000000005
3.953598976135254,-0.5,-20,-0.43165483060326604,-0.007599250000000001
3.983731269836426,-0.5,-20,-0.4076740066808624,-0.00851116
4.015710830688477,-0.5,-20,-0.4076740066808624,-0.01185483
4.0671234130859375,-0.5,-20,-0.4076740066808624,-0.01003101
4.113467693328857,-0.5,-20,-0.43165483060326604,-0.0121588
4.143814325332642,-0.5,-20,-0.4076740066808624,-0.01398262
4.177579164505005,-0.5,-20,-0.43165483060326604,-0.014590560000000002
4.208128929138184,-0.5,-20,-0.43165483060326604,-0.0121588
4.2711286544799805,-0.5,-20,-0.45563565452566973,-0.01337468
4.310008525848389,-0.5,-20,-0.45563565452566973,-0.01702232
4.351774215698242,-0.5,-20,-0.43165483060326604,-0.021885840000000004
4.3997039794921875,-0.5,-20,-0.4076740066808624,-0.02583745
4.431688070297241,-0.5,-20,-0.43165483060326604,-0.025229509999999997
4.509032487869263,-0.5,-20,-0.4076740066808624,-0.03465258
4.544187784194946,-0.5,-20,-0.43165483060326604,-0.027357299999999998
4.591710567474365,-0.5,-20,-0.45563565452566973,-0.03070097
4.623684644699097,-0.5,-20,-0.43165483060326604,-0.029789060000000003
4.701675891876221,-0.5,-20,-0.45563565452566973,0.0
4.737040042877197,-0.5,-20,-0.47961647844807337,-0.030397000000000004
4.767703056335449,-0.5,-20,-0.43165483060326604,-0.035260520000000004
4.799662828445435,-0.5,-20,-0.43165483060326604,-0.042859770000000005
4.855848789215088,-0.5,-20,-0.4076740066808624,-0.041947860000000003
4.918619155883789,-0.5,-20,-0.45563565452566973,-0.03799625
4.959711790084839,-0.5,-20,-0.5035973023704771,-0.04073198
4.9916908740997314,-0.5,-20,-0.45563565452566973,-0.035260520000000004
5.04392671585083,-0.5,-20,-0.47961647844807337,-0.042859770000000005
5.103812217712402,-0.5,-20,-0.43165483060326604,-0.04012404
5.137333869934082,-0.5,-20,-0.47961647844807337,-0.04012404
5.183638572692871,-0.5,-20,-0.45563565452566973,-0.04711535
5.215865135192871,-0.5,-20,-0.43165483060326604,-0.04073198
5.265067100524902,-0.5,-20,-0.47961647844807337,-0.03708434000000001
5.314829349517822,-0.5,-20,-0.5515589502152843,-0.035868460000000005
5.344092130661011,-0.5,-20,-0.5035973023704771,-0.03191685
5.3757030963897705,-0.5,-20,-0.47961647844807337,-0.03617243
5.437726259231567,-0.5,-20,-0.45563565452566973,-0.03617243
5.474547624588013,-0.5,-20,-0.47961647844807337,-0.03130891
5.504464387893677,-0.5,-20,-0.5035973023704771,-0.029181120000000005
5.551649332046509,-0.5,-20,-0.47961647844807337,-0.03282876
5.583582639694214,-0.5,-20,-0.45563565452566973,-0.03313273
5.665364742279053,-0.5,-20,-0.47961647844807337,-0.027357299999999998
5.69640851020813,-0.5,-20,-0.5035973023704771,-0.02370966
5.728514909744263,-0.5,-20,-0.5035973023704771,-0.029181120000000005
5.759596109390259,-0.5,-20,-0.45563565452566973,-0.029485090000000002
5.819918870925903,-0.5,-20,-0.45563565452566973,-0.02826921
5.872666835784912,-0.5,-20,-0.5035973023704771,-0.022797750000000002
5.920416355133057,-0.5,-20,-0.47961647844807337,-0.02006202
5.951593399047852,-0.5,-20,-0.47961647844807337,-0.02249378
5.983622312545776,-0.5,-20,-0.47961647844807337,-0.018238200000000003
6.031768083572388,-0.5,-20,-0.5035973023704771,-0.01124689
6.080158472061157,-0.5,-20,-0.5035973023704771,-0.01307071
6.129110813140869,-0.5,-20,-0.47961647844807337,-0.01550247
6.159625768661499,-0.5,-20,-0.47961647844807337,-0.01641438
6.191603899002075,-0.5,-20,-0.45563565452566973,-0.0121588
6.26523232460022,-0.5,-20,-0.47961647844807337,-0.00851116
6.304818630218506,-0.5,-20,-0.5035973023704771,-0.0121588
6.351569414138794,-0.5,-20,-0.5035973023704771,-0.011550860000000001
6.383610963821411,-0.5,-20,-0.47961647844807337,-0.007599250000000001
6.457129001617432,-0.5,-20,-0.47961647844807337,-0.0060794
6.496346473693848,-0.5,-20,-0.47961647844807337,-0.01003101
6.543591260910034,-0.5,-20,-0.45563565452566973,-0.00668734
6.575589656829834,-0.5,-20,-0.47961647844807337,-0.0060794
6.640680551528931,-0.5,-20,-0.47961647844807337,-0.00425558
6.704897880554199,-0.5,-20,-0.47961647844807337,-0.005775430000000001
6.751558303833008,-0.5,-20,-0.47961647844807337,-0.004559550000000001
6.816436290740967,-0.5,-20,-0.5035973023704771,-0.005775430000000001
6.857438325881958,-0.5,-20,-0.47961647844807337,-0.0030397
6.89583683013916,-0.5,-20,-0.47961647844807337,-0.00334367
6.943541526794434,-0.5,-20,-0.47961647844807337,0.0
6.975559949874878,-0.5,-20,-0.5275781262928807,-0.00030397000000000003
7.078158617019653,-0.5,-20,-0.5035973023704771,0.0
7.132237434387207,-0.5,-20,-3028487.5337177636,0.0
7.167797088623047,-0.5,-20,-0.5035973023704771,-0.017934230000000002
7.199609994888306,-0.5,-20,-0.5035973023704771,-0.019454080000000002
7.247780799865723,-0.5,-20,-0.47961647844807337,-0.023405690000000003
7.286505937576294,-0.5,-20,-0.5035973023704771,-0.023405690000000003
7.327764272689819,-0.5,-20,-0.5035973023704771,-0.02614142
7.359730005264282,-0.5,-20,-0.47961647844807337,-0.02674936
7.3915159702301025,-0.5,-20,-0.47961647844807337,-0.02644539
7.448029041290283,-0.5,-20,-0.47961647844807337,-0.02796524
7.503820180892944,-0.5,-20,-0.47961647844807337,-0.024925539999999996
7.535731315612793,-0.5,-20,-0.47961647844807337,-0.024925539999999996
7.567635536193848,-0.5,-20,-0.45563565452566973,-0.02887715
7.599457740783691,-0.5,-20,-0.47961647844807337,-0.02553348
7.665048837661743,-0.5,-20,-0.47961647844807337,-0.025229509999999997
7.711657285690308,-0.5,-20,-0.47961647844807337,-0.02401363
7.75956130027771,-0.5,-20,-0.47961647844807337,-0.02583745
7.791457653045654,-0.5,-20,-0.45563565452566973,-0.02249378
7.853103399276733,-0.5,-20,-0.47961647844807337,-0.024925539999999996
7.895815134048462,-0.5,-20,-0.47961647844807337,-0.02036599
7.93649697303772,-0.5,-20,-0.45563565452566973,-0.0243176
7.968660116195679,-0.5,-20,-0.47961647844807337,-0.022797750000000002
7.999456167221069,-0.5,-20,-0.47961647844807337,-0.021885840000000004
8.063132286071777,-0.5,-20,-0.47961647844807337,-0.01915011
8.109339952468872,-0.5,-20,-0.45563565452566973,-0.01702232
8.144067525863647,-0.5,-20,-0.45563565452566973,-0.01671835
8.19155764579773,-0.5,-20,-0.47961647844807337,-0.01550247
8.223494291305542,-0.5,-20,-0.45563565452566973,-0.01641438
8.28782844543457,-0.5,-20,-0.45563565452566973,-0.01337468
8.352551937103271,-0.5,-20,-0.47961647844807337,-0.014286589999999998
8.383956909179688,-0.5,-20,-0.45563565452566973,-0.014590560000000002
8.41542100906372,-0.5,-20,-0.45563565452566973,-0.0121588
8.468802690505981,-0.5,-20,-0.47961647844807337,0.0
8.518961429595947,-0.5,-20,-45670908.368646786,0.0
8.599952936172485,-0.5,-20,0.0,0.0
8.660270690917969,-0.5,-20,0.0,-0.00942307
8.704427242279053,-0.5,-20,-0.45563565452566973,-0.01276674
8.751691579818726,-0.5,-20,-0.47961647844807337,-0.009119100000000002
8.783422946929932,-0.5,-20,-0.45563565452566973,-0.008815130000000001
8.815481424331665,-0.5,-20,-0.47961647844807337,-0.03769228
8.862868547439575,-0.5,-20,-0.47961647844807337,-0.03070097
8.898787021636963,-0.5,-20,-0.45563565452566973,-0.01307071
8.94723653793335,-0.5,-20,-0.45563565452566973,-0.01124689
8.991428136825562,-0.5,-20,-0.47961647844807337,-0.01033498
9.052614212036133,-0.5,-20,-0.47961647844807337,-0.01124689
9.103977918624878,-0.5,-20,-0.45563565452566973,-0.009727040000000001
9.15276050567627,-0.5,-20,-0.47961647844807337,-0.01550247
9.18337106704712,-0.5,-20,-0.47961647844807337,-0.02614142
9.242616415023804,-0.5,-20,-0.47961647844807337,-0.032220820000000004
9.295427083969116,-0.5,-20,-0.45563565452566973,-0.01063895
9.32851767539978,-0.5,-20,-0.47961647844807337,-0.022189810000000004
9.375449657440186,-0.5,-20,-0.47961647844807337,-0.035868460000000005
9.432403564453125,-0.5,-20,-0.45563565452566973,-0.03313273
9.492940425872803,-0.5,-20,-0.45563565452566973,-0.03708434000000001
9.535470485687256,-0.5,-20,-0.47961647844807337,-0.03404464
9.567392349243164,-0.5,-20,-0.45563565452566973,-0.03100494
9.621270895004272,-0.5,-20,-0.45563565452566973,-0.0212779
9.679613590240479,-0.5,-20,-0.45563565452566973,-0.022189810000000004
9.713848114013672,-0.5,-20,-0.47961647844807337,-0.03191685
9.759400367736816,-0.5,-20,-0.47961647844807337,-0.03404464
9.811480045318604,-0.5,-20,-0.45563565452566973,-0.021885840000000004
9.857210636138916,-0.5,-20,-0.45563565452566973,-0.03313273
9.888248920440674,-0.5,-20,-0.45563565452566973,-0.034956549999999996
9.919371128082275,-0.5,-20,-0.45563565452566973,-0.02614142
9.95134687423706,-0.5,-20,-0.45563565452566973,-0.034348609999999995
9.999377489089966,-0.5,-20,-0.45563565452566973,-0.017934230000000002
10.04797101020813,-0.5,-20,-0.47961647844807337,-0.03465258
10.086789608001709,-0.5,-20,-0.45563565452566973,-0.03130891
10.1273353099823,-0.5,-20,-0.47961647844807337,-0.03313273
10.186259269714355,-0.5,-20,-0.45563565452566973,0.0
10.233830690383911,-0.5,-20,33181342.89563224,0.0
10.314772605895996,-0.5,-20,0.0,0.0
10.411831140518188,-0.5,-20,0.0,0.0
10.497994184494019,-0.5,-20,0.0,0.0
10.606061220169067,-0.5,-20,0.0,0.0
10.641438245773315,-0.5,-20,-0.45563565452566973,-0.01337468
10.687438011169434,-0.5,-20,-0.45563565452566973,-0.02249378
10.719331741333008,-0.5,-20,-0.47961647844807337,-0.01671835
10.769811391830444,-0.5,-20,-0.47961647844807337,-0.035260520000000004
10.815429925918579,-0.5,-20,-0.45563565452566973,-0.03404464
10.848756790161133,-0.5,-20,-0.45563565452566973,-0.017934230000000002
10.895312786102295,-0.5,-20,-0.47961647844807337,-0.01702232
10.945580005645752,-0.5,-20,-0.47961647844807337,-0.03130891
10.980192422866821,-0.5,-20,-0.45563565452566973,-0.02614142
11.023360013961792,-0.5,-20,-0.45563565452566973,-0.011550860000000001
11.071337938308716,-0.5,-20,-0.45563565452566973,-0.021581870000000003
11.10335397720337,-0.5,-20,-0.47961647844807337,-0.029485090000000002
11.183954238891602,-0.5,-20,-0.45563565452566973,-0.029485090000000002
11.215527534484863,-0.5,-20,-0.45563565452566973,-0.034956549999999996
11.247294187545776,-0.5,-20,-0.47961647844807337,-0.02462157
11.279290676116943,-0.5,-20,-0.47961647844807337,-0.023405690000000003
11.327943563461304,-0.5,-20,-0.45563565452566973,-0.02887715
11.375677347183228,-0.5,-20,-0.45563565452566973,-0.02462157
11.423611402511597,-0.5,-20,-0.47961647844807337,-0.024925539999999996
11.455270528793335,-0.5,-20,-0.47961647844807337,-0.01580644
11.51007342338562,-0.5,-20,-0.47961647844807337,-0.03404464
11.567441701889038,-0.5,-20,-0.47961647844807337,-0.03678037
11.615952253341675,-0.5,-20,-0.45563565452566973,-0.028573179999999997
11.647278785705566,-0.5,-20,-0.45563565452566973,-0.036476400000000006
11.698580265045166,-0.5,-20,-0.45563565452566973,-0.0243176
11.743358850479126,-0.5,-20,-0.45563565452566973,-0.01003101
11.775594472885132,-0.5,-20,-0.47961647844807337,-0.01884614
11.807285070419312,-0.5,-20,-0.47961647844807337,-0.020973930000000002
11.839297771453857,-0.5,-20,-0.47961647844807337,-0.029485090000000002
11.871237516403198,-0.5,-20,-0.45563565452566973,-0.01641438
11.951513051986694,-0.5,-20,-0.47961647844807337,-0.01702232
11.984487295150757,-0.5,-20,-0.45563565452566973,-0.03282876
12.01524543762207,-0.5,-20,-0.45563565452566973,-0.019758050000000003
12.047277450561523,-0.5,-20,-0.45563565452566973,-0.014286589999999998
12.129318475723267,-0.5,-20,-0.45563565452566973,-0.018542170000000004
12.175277471542358,-0.5,-20,-0.47961647844807337,-0.035564490000000004
12.207346439361572,-0.5,-20,-0.45563565452566973,-0.01307071
12.23925518989563,-0.5,-20,-0.45563565452566973,-0.029789060000000003
12.29632830619812,-0.5,-20,-0.47961647844807337,-0.023405690000000003
12.351324081420898,-0.5,-20,-0.47961647844807337,-0.03617243
12.399813175201416,-0.5,-20,-0.45563565452566973,-0.02644539
12.431221961975098,-0.5,-20,-0.45563565452566973,-0.01033498
12.489781618118286,-0.5,-20,-0.47961647844807337,-0.013678649999999999
12.543522357940674,-0.5,-20,-0.45563565452566973,-0.01185483
12.591855525970459,-0.5,-20,-0.45563565452566973,-0.009727040000000001
12.623228311538696,-0.5,-20,-0.45563565452566973,-0.01185483
12.655224800109863,-0.5,-20,-0.47961647844807337,-0.012462769999999998
12.72798776626587,-0.5,-20,-0.47961647844807337,-0.03374067
12.767247915267944,-0.5,-20,-0.45563565452566973,-0.014894530000000001
12.799284934997559,-0.5,-20,-0.47961647844807337,-0.01550247
12.831204414367676,-0.5,-20,-0.47961647844807337,-0.03009303
12.878631830215454,-0.5,-20,-0.47961647844807337,-0.02249378
12.928228616714478,-0.5,-20,-0.47961647844807337,-0.02887715
12.963730096817017,-0.5,-20,-0.45563565452566973,-0.01185483
13.00742793083191,-0.5,-20,-0.47961647844807337,-0.035564490000000004
13.0392005443573,-0.5,-20,-0.45563565452566973,-0.01732629
13.108026027679443,-0.5,-20,-0.45563565452566973,-0.011550860000000001
13.15239691734314,-0.5,-20,-0.47961647844807337,-0.01307071
13.19913387298584,-0.5,-20,-0.47961647844807337,-0.01307071
13.26016092300415,-0.5,-20,-0.45563565452566973,-0.02066996
13.3111891746521,-0.5,-20,-0.47961647844807337,-0.021885840000000004
13.343436479568481,-0.5,-20,-0.45563565452566973,-0.01580644
13.391196727752686,-0.5,-20,-0.45563565452566973,-0.01732629
13.449074029922485,-0.5,-20,-0.47961647844807337,-0.01063895
13.50351881980896,-0.5,-20,-0.47961647844807337,-0.0121588
13.535651206970215,-0.5,-20,-0.47961647844807337,-0.03404464
13.56719422340393,-0.5,-20,-0.47961647844807337,-0.030397000000000004
13.599130630493164,-0.5,-20,-0.47961647844807337,-0.02796524
13.654676914215088,-0.5,-20,-0.47961647844807337,0.0
13.702392101287842,-0.5,-20,-34400914.26695898,0.0
13.744375467300415,-0.5,-20,-0.45563565452566973,-0.01580644
13.775166511535645,-0.5,-20,-0.47961647844807337,-0.017934230000000002
13.807135581970215,-0.5,-20,-0.45563565452566973,-0.01915011
13.857028722763062,-0.5,-20,-0.45563565452566973,-0.01702232
13.903115272521973,-0.5,-20,-0.45563565452566973,-0.008815130000000001
13.936972856521606,-0.5,-20,-0.47961647844807337,-0.0121588
13.98311710357666,-0.5,-20,-0.45563565452566973,-0.02249378
14.015132188796997,-0.5,-20,-0.47961647844807337,-0.030397000000000004
14.063700914382935,-0.5,-20,-0.47961647844807337,-0.03465258
14.095728158950806,-0.5,-20,-0.45563565452566973,-0.035868460000000005
14.127226114273071,-0.5,-20,-0.45563565452566973,-0.023101720000000003
14.175138235092163,-0.5,-20,-0.45563565452566973,-0.021885840000000004
14.20713472366333,-0.5,-20,-0.45563565452566973,-0.034956549999999996
14.288456201553345,-0.5,-20,-0.45563565452566973,-0.01276674
14.320432662963867,-0.5,-20,-0.47961647844807337,-0.02066996
14.367151498794556,-0.5,-20,-0.47961647844807337,-0.01915011
14.399401903152466,-0.5,-20,-0.45563565452566973,-0.02644539
14.456726551055908,-0.5,-20,-0.47961647844807337,-0.02614142
14.51111888885498,-0.5,-20,-0.45563565452566973,-0.02614142
14.559269428253174,-0.5,-20,-0.45563565452566973,-0.00942307
14.591083288192749,-0.5,-20,-0.45563565452566973,-0.01063895
14.646544694900513,-0.5,-20,-0.47961647844807337,-0.02036599
14.703576803207397,-0.5,-20,-0.47961647844807337,-0.0334367
14.735251426696777,-0.5,-20,-0.45563565452566973,-0.02553348
14.783055543899536,-0.5,-20,-0.45563565452566973,-0.03070097
14.815152645111084,-0.5,-20,-0.45563565452566973,-0.03282876
14.863128900527954,-0.5,-20,-0.45563565452566973,-0.011550860000000001
14.9179368019104,-0.5,-20,-0.45563565452566973,-0.009727040000000001
14.959101915359497,-0.5,-20,-0.47961647844807337,-0.019758050000000003
14.99116063117981,-0.5,-20,-0.47961647844807337,-0.03100494
15.053886651992798,-0.5,-20,-0.47961647844807337,-0.03313273
15.093759059906006,-0.5,-20,-0.47961647844807337,-0.03678037
15.135205268859863,-0.5,-20,-0.47961647844807337,-0.03465258
15.183060646057129,-0.5,-20,-0.45563565452566973,-0.017630260000000002
15.215091466903687,-0.5,-20,-0.45563565452566973,-0.02796524
15.296945571899414,-0.5,-20,-0.45563565452566973,-0.018238200000000003
15.32716965675354,-0.5,-20,-0.45563565452566973,-0.03374067
15.360327005386353,-0.5,-20,-0.47961647844807337,-0.02370966
15.391032934188843,-0.5,-20,-0.47961647844807337,-0.02705333
15.448913335800171,-0.5,-20,-0.45563565452566973,-0.016110410000000002
15.503655910491943,-0.5,-20,-0.47961647844807337,-0.02796524
15.535857677459717,-0.5,-20,-0.45563565452566973,-0.02462157
15.583101034164429,-0.5,-20,-0.45563565452566973,-0.018238200000000003
15.644496202468872,0,0,-0.47961647844807337,-0.02644539
15.695229530334473,0,0,-0.47961647844807337,-0.03738831
15.727844953536987,0,0,-0.47961647844807337,-0.035564490000000004
15.775027990341187,0,0,-0.45563565452566973,-0.034348609999999995
15.80703592300415,0,0,-0.47961647844807337,-0.03070097
15.881691694259644,0,0,-0.47961647844807337,-0.03708434000000001
15.919790267944336,0,0,-0.45563565452566973,-0.017630260000000002
15.951348543167114,0,0,-0.47961647844807337,-0.01124689
15.983031511306763,0,0,-0.47961647844807337,-0.0212779
16.08332920074463,0,0,0.0,-0.03617243
16.127046585083008,0,0,-0.45563565452566973,-0.02614142
16.19132375717163,0,0,0.0,-0.035260520000000004
16.24716305732727,0,0,-0.45563565452566973,-0.025229509999999997
16.303264141082764,0,0,-0.45563565452566973,-0.02674936
16.33556032180786,0,0,-0.47961647844807337,-0.02705333
16.367061614990234,0,0,-0.47961647844807337,-0.02674936
16.39897918701172,0,0,-0.47961647844807337,-0.03282876
16.452001810073853,0,0,-0.45563565452566973,-0.020973930000000002
16.51099729537964,0,0,-0.45563565452566973,-0.020973930000000002
16.51655101776123,0,0,0.0,0.0
16.522148370742798,0,0,0.0,0.0
16.560348987579346,0,0,-0.45563565452566973,-0.0048635200000000005
16.591020107269287,0,0,-0.28776988706884404,0.00030397000000000003
16.622990608215332,0,0,-0.09592329568961468,0.0
16.690810441970825,0,0,0.0,0.0
16.735352039337158,0,0,0.0,0.0
16.766961574554443,0,0,0.0,0.0
16.858246088027954,0,0,0.0,0.0
16.900850296020508,0,0,0.0,0.0
16.943610191345215,0,0,0.0,0.0
16.975091218948364,0,0,0.0,0.0
17.007059335708618,0,0,0.0,0.0
17.06407356262207,0,0,0.0,0.0
17.119029760360718,0,0,0.0,0.0
17.151443243026733,0,0,0.0,0.0
17.198946952819824,0,0,0.0,0.0
17.230969667434692,0,0,0.0,-0.0006079400000000001
17.279838800430298,0,0,0.0,-0.00030397000000000003
17.344141960144043,0,0,0.0,-0.0006079400000000001
17.377119779586792,0,0,0.0,-0.0009119100000000002
17.406963348388672,0,0,0.0,-0.00030397000000000003
17.43894386291504,0,0,0.0,-0.0009119100000000002
17.48886275291443,0,0,0.0,-0.00030397000000000003
17.55290126800537,0,0,0.0,-0.0006079400000000001
17.59893035888672,0,0,0.0,-0.0006079400000000001
17.631167888641357,0,0,0.0,-0.0006079400000000001
17.678371906280518,0,0,0.0,-0.0009119100000000002
17.716428518295288,0,0,0.0,-0.0009119100000000002
17.759527683258057,0,0,0.0,-0.0006079400000000001
17.790932655334473,0,0,0.0,-0.0009119100000000002
17.822905778884888,0,0,0.0,-0.0009119100000000002
17.881235361099243,0,0,0.0,-0.0006079400000000001
17.93541932106018,0,0,0.0,-0.0006079400000000001
17.967223167419434,0,0,0.0,-0.0006079400000000001
17.99891757965088,0,0,0.0,-0.0009119100000000002
18.030882358551025,0,0,0.0,-0.0006079400000000001
18.085663318634033,0,0,0.0,-0.0006079400000000001
18.143388032913208,0,0,0.0,-0.0006079400000000001
18.180410385131836,0,0,0.0,-0.0006079400000000001
18.22287893295288,0,0,0.0,-0.0006079400000000001
18.254871129989624,0,0,0.0,-0.0009119100000000002
18.32845687866211,0,0,0.0,-0.0009119100000000002
18.36991596221924,0,0,0.0,-0.0009119100000000002
18.414918661117554,0,0,0.0,-0.0009119100000000002
18.447303295135498,0,0,0.0,-0.0006079400000000001
18.495397329330444,0,0,0.0,-0.0009119100000000002
18.53428554534912,0,0,0.0,-0.0006079400000000001
18.577281951904297,0,0,0.0,-0.0009119100000000002
18.62282967567444,0,0,0.0,-0.0006079400000000001
18.654876470565796,0,0,0.0,-0.0006079400000000001
18.73578715324402,0,0,0.0,-0.0006079400000000001
18.767122507095337,0,0,0.0,-0.0009119100000000002
18.799200296401978,0,0,0.0,-0.0006079400000000001
18.830875158309937,0,0,0.0,-0.0009119100000000002
18.889628887176514,0,0,0.0,-0.0009119100000000002
18.942907571792603,0,0,0.0,-0.0009119100000000002
18.97493553161621,0,0,0.0,-0.0009119100000000002
19.00685405731201,0,0,0.0,-0.0006079400000000001
19.038844347000122,0,0,0.0,-0.0006079400000000001
19.094457626342773,0,0,0.0,-0.0009119100000000002
19.15129256248474,0,0,0.0,-0.0009119100000000002
19.18774914741516,0,0,0.0,-0.0009119100000000002
19.230815649032593,0,0,0.0,-0.0006079400000000001
19.262842416763306,0,0,0.0,-0.00030397000000000003
19.33926486968994,0,0,0.0,-0.0006079400000000001
19.37597393989563,0,0,0.0,-0.0009119100000000002
19.406872987747192,0,0,0.0,-0.0009119100000000002
19.43885850906372,0,0,0.0,-0.0006079400000000001
19.470863103866577,0,0,0.0,-0.0006079400000000001
19.54399847984314,0,0,0.0,-0.0009119100000000002
19.585114240646362,0,0,0.0,-0.0006079400000000001
19.630778312683105,0,0,0.0,-0.0006079400000000001
19.662777423858643,0,0,0.0,-0.0009119100000000002
19.734676122665405,0,0,0.0,0.0
19.782390117645264,0,0,34795385.05548959,0.0
19.840147733688354,0,0,0.0,-0.0009119100000000002
19.870855808258057,0,0,0.0,-0.0006079400000000001
19.928629636764526,0,0,0.0,-0.0009119100000000002
19.982914447784424,0,0,0.0,-0.0009119100000000002
20.014910221099854,0,0,0.0,-0.0006079400000000001
20.04685616493225,0,0,0.0,-0.0006079400000000001
20.078771591186523,0,0,0.0,-0.0009119100000000002
20.132686614990234,0,0,0.0,-0.0009119100000000002
20.19123077392578,0,0,0.0,-0.0009119100000000002
20.22320580482483,0,0,0.0,-0.0006079400000000001
20.25478172302246,0,0,0.0,-0.0006079400000000001
20.286782026290894,0,0,0.0,-0.0006079400000000001
20.336295127868652,0,0,0.0,-0.0006079400000000001
20.382864952087402,0,0,0.0,-0.0012158800000000001
20.417460441589355,0,0,0.0,-0.0009119100000000002
20.46283459663391,0,0,0.0,-0.0006079400000000001
20.49526047706604,0,0,0.0,-0.00030397000000000003
20.543855667114258,0,0,0.0,-0.0006079400000000001
20.582996368408203,0,0,0.0,-0.0006079400000000001
20.623673677444458,0,0,0.0,-0.0006079400000000001
20.67075824737549,0,0,0.0,-0.0006079400000000001
20.702696561813354,0,0,0.0,-0.0006079400000000001
20.782947540283203,0,0,0.0,-0.0009119100000000002
20.816248655319214,0,0,0.0,-0.0006079400000000001
20.862707376480103,0,0,0.0,-0.00030397000000000003
20.894790172576904,0,0,0.0,-0.0006079400000000001
20.96897792816162,0,0,0.0,-0.0006079400000000001
21.008718490600586,0,0,0.0,-0.0006079400000000001
21.055049657821655,0,0,0.0,-0.0006079400000000001
21.086756706237793,0,0,0.0,-0.0006079400000000001
21.134944677352905,0,0,0.0,-0.0006079400000000001
21.18505597114563,0,0,0.0,-0.00030397000000000003
21.215240240097046,0,0,0.0,-0.00030397000000000003
21.246984004974365,0,0,0.0,-0.0006079400000000001
21.278888940811157,0,0,0.0,-0.0006079400000000001
21.327516078948975,0,0,0.0,-0.00030397000000000003
21.35947847366333,0,0,0.0,-0.00030397000000000003
21.391138315200806,0,0,0.0,-0.0006079400000000001
21.43873620033264,0,0,0.0,-0.0006079400000000001
21.470701932907104,0,0,0.0,-0.00030397000000000003
21.51912212371826,0,0,0.0,-0.0006079400000000001
21.566811323165894,0,0,0.0,-0.0006079400000000001
21.6149640083313,0,0,0.0,0.0
21.646689653396606,0,0,0.0,0.0
21.695488929748535,0,0,0.0,-0.00030397000000000003
21.744558811187744,0,0,0.0,0.0
21.77511239051819,0,0,0.0,0.0
21.80672287940979,0,0,0.0,0.0
21.838743925094604,0,0,0.0,0.0
21.88773512840271,0,0,0.0,-0.00030397000000000003
21.935412406921387,0,0,0.0,-0.00030397000000000003
21.971639156341553,0,0,0.0,-0.00030397000000000003
22.01465916633606,0,0,0.0,-0.00030397000000000003
22.046852111816406,0,0,0.0,0.0
22.11054229736328,0,0,0.0,-0.00030397000000000003
22.144164562225342,0,0,0.0,0.0
22.190683603286743,0,0,0.0,-0.00030397000000000003
22.222646236419678,0,0,0.0,-0.00030397000000000003
22.3040668964386,0,0,0.0,0.0
22.354536056518555,0,0,0.0,-0.00030397000000000003
22.398672103881836,0,0,0.0,0.0
22.458505392074585,0,0,0.0,0.0
22.5106098651886,0,0,0.0,0.0
22.559276580810547,0,0,0.0,-0.00030397000000000003
22.590643405914307,0,0,0.0,0.0
22.6374249458313,0,0,0.0,0.0
22.702653408050537,0,0,0.0,0.0
22.75098490715027,0,0,0.0,0.0
22.782583236694336,0,0,0.0,0.0
22.838049173355103,0,0,0.0,-0.00030397000000000003
22.900505304336548,0,0,0.0,0.0
22.94260597229004,0,0,0.0,0.0
22.995373725891113,0,0,0.0,0.0
23.062631130218506,0,0,0.0,-0.00030397000000000003
23.10290765762329,0,0,0.0,0.0
23.134583473205566,0,0,0.0,0.0
23.16655993461609,0,0,0.0,0.0
23.217589139938354,0,0,0.0,0.0
23.254453897476196,0,0,0.0,0.0
23.294629096984863,0,0,0.0,0.0
23.342586278915405,0,0,0.0,0.0
23.374633312225342,0,0,0.0,0.0
23.454649209976196,0,0,0.0,0.0
23.503076314926147,0,0,0.0,0.0
23.534526824951172,0,0,0.0,0.0
23.593425273895264,0,0,0.0,0.0
23.646575450897217,0,0,0.0,0.0
23.680400133132935,0,0,0.0,-0.00030397000000000003
23.72655749320984,0,0,0.0,0.0
23.781902313232422,0,0,0.0,-0.00030397000000000003
23.838630437850952,0,0,0.0,-0.0006079400000000001
23.872262239456177,0,0,0.0,-0.0009119100000000002
23.918558359146118,0,0,0.0,-0.0006079400000000001
23.970524787902832,0,0,0.0,-0.0009119100000000002
24.014672994613647,0,0,0.0,-0.0006079400000000001
24.04751968383789,0,0,0.0,-0.0006079400000000001
